,Rank,Release Group,Worldwide,Domestic,%,Foreign,%.1
0,1,Avengers: Endgame,"$2,797,800,564","$858,373,000",30.7%,"$1,939,427,564",69.3%
1,2,The Lion King,"$1,656,943,394","$543,638,043",32.8%,"$1,113,305,351",67.2%
2,3,Frozen II,"$1,448,824,988","$477,045,566",32.9%,"$971,779,422",67.1%
3,4,Spider-Man: Far from Home,"$1,131,927,996","$390,532,085",34.5%,"$741,395,911",65.5%
4,5,Captain Marvel,"$1,128,274,794","$426,829,839",37.8%,"$701,444,955",62.2%
5,6,Joker,"$1,073,943,334","$335,443,334",31.2%,"$738,500,000",68.8%
6,7,Toy Story 4,"$1,073,394,593","$434,038,008",40.4%,"$639,356,585",59.6%
7,8,Star Wars: Episode IX - The Rise of Skywalker,"$1,073,294,598","$514,718,318",48%,"$558,576,280",52%
8,9,Aladdin,"$1,050,693,953","$355,559,216",33.8%,"$695,134,737",66.2%
9,10,Jumanji: The Next Level,"$791,086,138","$313,943,814",39.7%,"$477,142,324",60.3%
10,11,Fast & Furious Presents: Hobbs & Shaw,"$759,056,935","$173,956,935",22.9%,"$585,100,000",77.1%
11,12,Ne Zha,"$726,063,471","$3,695,533",0.5%,"$722,367,938",99.5%
12,13,The Wandering Earth,"$699,760,773","$5,875,487",0.8%,"$693,885,286",99.2%
13,14,How to Train Your Dragon: The Hidden World,"$521,799,505","$160,799,505",30.8%,"$361,000,000",69.2%
14,15,Maleficent: Mistress of Evil,"$491,730,089","$113,929,605",23.2%,"$377,800,484",76.8%
15,16,It Chapter Two,"$473,093,228","$211,593,228",44.7%,"$261,500,000",55.3%
16,17,"My People, My Country","$450,064,993","$2,356,683",0.5%,"$447,708,310",99.5%
17,18,Pokémon Detective Pikachu,"$433,005,346","$144,105,346",33.3%,"$288,900,000",66.7%
18,19,The Secret Life of Pets 2,"$430,051,293","$158,874,395",36.9%,"$271,176,898",63.1%
19,20,The Captain,"$416,953,262","$706,572",0.2%,"$416,246,690",99.8%
20,21,Alita: Battle Angel,"$404,852,543","$85,710,210",21.2%,"$319,142,333",78.8%
21,22,Godzilla: King of the Monsters,"$386,600,138","$110,500,138",28.6%,"$276,100,000",71.4%
22,23,Once Upon a Time... in Hollywood,"$374,341,301","$142,502,728",38.1%,"$231,838,573",61.9%
23,24,Shazam!,"$365,971,656","$140,371,656",38.4%,"$225,600,000",61.6%
24,25,1917,"$362,628,024","$156,128,024",43.1%,"$206,500,000",56.9%
25,26,Dumbo,"$353,284,621","$114,766,307",32.5%,"$238,518,314",67.5%
26,27,John Wick: Chapter 3 - Parabellum,"$326,709,727","$171,015,687",52.3%,"$155,694,040",47.7%
27,28,Knives Out,"$307,687,554","$164,698,675",53.5%,"$142,988,879",46.5%
28,29,Terminator: Dark Fate,"$261,119,292","$62,253,077",23.8%,"$198,866,215",76.2%
29,30,Us,"$255,184,580","$175,084,580",68.6%,"$80,100,000",31.4%
30,31,Men in Black: International,"$253,890,701","$80,001,807",31.5%,"$173,888,894",68.5%
31,32,X-Men: Dark Phoenix,"$252,442,974","$65,845,974",26.1%,"$186,597,000",73.9%
32,33,Glass,"$246,999,039","$111,048,468",45%,"$135,950,571",55%
33,34,The Bravest,"$245,179,562","$290,217",0.1%,"$244,889,345",99.9%
34,35,Parasite,"$232,076,982","$51,609,136",22.2%,"$180,467,846",77.8%
35,36,Annabelle Comes Home,"$231,252,591","$74,152,591",32.1%,"$157,100,000",67.9%
36,37,Ford v Ferrari,"$225,398,098","$117,514,245",52.1%,"$107,883,853",47.9%
37,38,Better Days,"$225,320,294","$1,921,657",0.9%,"$223,398,637",99.1%
38,39,Little Women,"$203,074,701","$107,674,701",53%,"$95,400,000",47%
39,40,The Addams Family,"$203,044,905","$100,044,905",49.3%,"$103,000,000",50.7%
40,41,Rocketman,"$195,179,299","$96,368,160",49.4%,"$98,811,139",50.6%
41,42,Downton Abbey,"$194,111,262","$96,854,135",49.9%,"$97,257,127",50.1%
42,43,The Lego Movie 2: The Second Part,"$192,306,508","$105,806,508",55%,"$86,500,000",45%
43,44,Abominable,"$189,805,347","$60,716,390",32%,"$129,088,957",68%
44,45,The White Storm 2: Drug Lords,"$189,396,380","$609,461",0.3%,"$188,786,919",99.7%
45,46,Weathering with You,"$186,894,545","$7,778,682",4.2%,"$179,115,863",95.8%
46,47,Gemini Man,"$173,469,516","$48,546,770",28%,"$124,922,746",72%
47,48,Spies in Disguise,"$170,761,448","$66,451,655",38.9%,"$104,309,793",61.1%
48,49,Hustlers,"$157,563,598","$104,963,598",66.6%,"$52,600,000",33.4%
49,50,The Climbers,"$156,759,167","$487,157",0.3%,"$156,272,010",99.7%
50,51,Escape Room,"$155,712,077","$57,005,601",36.6%,"$98,706,476",63.4%
51,52,The Angry Birds Movie 2,"$154,674,930","$41,667,116",26.9%,"$113,007,814",73.1%
52,53,Yesterday,"$153,712,841","$73,286,650",47.7%,"$80,426,191",52.3%
53,54,Angel Has Fallen,"$147,501,990","$69,030,436",46.8%,"$78,471,554",53.2%
54,55,Ad Astra,"$132,807,427","$50,188,370",37.8%,"$82,619,057",62.2%
55,56,The Upside,"$125,852,517","$108,252,517",86%,"$17,600,000",14%
56,57,Midway,"$125,697,207","$56,846,802",45.2%,"$68,850,405",54.8%
57,58,The Curse of la Llorona,"$123,133,739","$54,733,739",44.5%,"$68,400,000",55.5%
58,59,Looking Up,"$122,994,583","$84,267",<0.1%,"$122,910,316",99.9%
59,60,Zombieland: Double Tap,"$122,810,399","$73,123,082",59.5%,"$49,687,317",40.5%
60,61,Extreme Job,"$121,978,657","$1,565,885",1.3%,"$120,412,772",98.7%
61,62,Last Christmas,"$121,550,750","$35,150,750",28.9%,"$86,400,000",71.1%
62,63,Dora and the Lost City of Gold,"$120,624,994","$60,477,943",50.1%,"$60,147,051",49.9%
63,64,Wonder Park,"$119,559,110","$45,216,793",37.8%,"$74,342,317",62.2%
64,65,P Storm,"$117,991,727","$326,711",0.3%,"$117,665,016",99.7%
65,66,Pet Sematary,"$113,118,226","$54,724,696",48.4%,"$58,393,530",51.6%
66,67,Good Boys,"$110,940,306","$83,140,306",74.9%,"$27,800,000",25.1%
67,68,Scary Stories to Tell in the Dark,"$105,647,580","$68,947,075",65.3%,"$36,700,505",34.7%
68,69,Line Walker 2: Invisible Spy,"$99,482,027","$296,751",0.3%,"$99,185,276",99.7%
69,70,The Hustle,"$95,017,038","$35,417,038",37.3%,"$59,600,000",62.7%
70,71,Crawl,"$91,542,097","$39,014,193",42.6%,"$52,527,904",57.4%
71,72,Five Feet Apart,"$91,522,094","$45,729,221",50%,"$45,792,873",50%
72,73,Rambo: Last Blood,"$91,490,353","$44,819,352",49%,"$46,671,001",51%
73,74,Jojo Rabbit,"$88,468,161","$33,147,237",37.5%,"$55,320,924",62.5%
74,75,One Piece: Stampede,"$81,539,576","$1,298,528",1.6%,"$80,241,048",98.4%
75,76,A Dog's Way Home,"$80,708,134","$42,004,346",52%,"$38,703,788",48%
76,77,Cold Pursuit,"$76,419,755","$32,138,862",42.1%,"$44,280,893",57.9%
77,78,A Dog's Journey,"$75,602,573","$22,782,371",30.1%,"$52,820,202",69.9%
78,79,A Madea Family Funeral,"$74,747,725","$73,257,045",98%,"$1,490,680",2%
79,80,Cats,"$73,942,898","$27,166,770",36.7%,"$46,776,128",63.3%
80,81,Doctor Sleep,"$72,281,712","$31,581,712",43.7%,"$40,700,000",56.3%
81,82,What Men Want,"$72,216,294","$54,611,903",75.6%,"$17,604,391",24.4%
82,83,Charlie's Angels,"$71,863,636","$17,803,077",24.8%,"$54,060,559",75.2%
83,84,After,"$69,733,482","$12,138,565",17.4%,"$57,594,917",82.6%
84,85,Exit,"$69,501,772","$470,699",0.7%,"$69,031,073",99.3%
85,86,Playing with Fire,"$67,315,599","$44,451,847",66%,"$22,863,752",34%
86,87,A Beautiful Day in the Neighborhood,"$67,227,612","$61,667,441",91.7%,"$5,560,171",8.3%
87,88,War,"$67,179,155","$4,654,000",6.9%,"$62,525,155",93.1%
88,89,Happy Death Day 2U,"$64,600,152","$28,148,130",43.6%,"$36,452,022",56.4%
89,90,White Snake,"$61,631,776","$34,730",<0.1%,"$61,597,046",99.9%
90,91,Ma,"$61,105,672","$45,896,028",75.1%,"$15,209,644",24.9%
91,92,Ready or Not,"$57,615,777","$28,714,231",49.8%,"$28,901,546",50.2%
92,93,Bombshell,"$56,053,387","$31,737,818",56.6%,"$24,315,569",43.4%
93,94,Long Shot,"$53,863,812","$30,316,271",56.3%,"$23,547,541",43.7%
94,95,Breakthrough,"$50,444,358","$40,713,082",80.7%,"$9,731,276",19.3%
95,96,Uncut Gems,"$49,995,723","$49,995,723",100%,-,-
96,97,21 Bridges,"$49,839,757","$28,539,757",57.3%,"$21,300,000",42.7%
97,98,Little,"$48,987,096","$40,860,481",83.4%,"$8,126,615",16.6%
98,99,Isn't It Romantic,"$48,791,187","$48,791,187",100%,-,-
99,100,Just Mercy,"$48,453,821","$35,753,821",73.8%,"$12,700,000",26.2%
100,101,Countdown,"$47,621,766","$25,621,766",53.8%,"$22,000,000",46.2%
101,102,Queen & Slim,"$46,989,593","$43,808,310",93.2%,"$3,181,283",6.8%
102,103,47 Meters Down: Uncaged,"$46,783,103","$22,260,900",47.6%,"$24,522,203",52.4%
103,104,Chasing the Dragon II: Wild Wild Bunch,"$45,733,356","$196,634",0.4%,"$45,536,722",99.6%
104,105,Child's Play,"$44,902,237","$29,208,403",65%,"$15,693,834",35%
105,106,Hellboy,"$44,664,690","$21,903,748",49%,"$22,760,942",51%
106,107,Harriet,"$43,282,155","$43,082,155",99.5%,"$200,000",0.5%
107,108,Midsommar,"$42,251,838","$27,426,361",64.9%,"$14,825,477",35.1%
108,109,Richard Jewell,"$41,845,542","$22,345,542",53.4%,"$19,500,000",46.6%
109,110,Judy,"$40,816,504","$24,307,136",59.6%,"$16,509,368",40.4%
110,111,Fighting with My Family,"$40,810,036","$22,958,886",56.3%,"$17,851,150",43.7%
111,112,Overcomer,"$38,026,103","$34,746,945",91.4%,"$3,279,158",8.6%
112,113,Pain and Glory,"$37,124,407","$4,565,036",12.3%,"$32,559,371",87.7%
113,114,The Intruder,"$36,599,361","$35,419,122",96.8%,"$1,180,239",3.2%
114,115,Bad Guys: The Movie,"$34,024,386","$166,972",0.5%,"$33,857,414",99.5%
115,116,The Art of Racing in the Rain,"$33,766,787","$26,395,642",78.2%,"$7,371,145",21.8%
116,117,The Good Liar,"$33,756,058","$17,156,058",50.8%,"$16,600,000",49.2%
117,118,Bharat,"$33,185,983","$2,971,549",9%,"$30,214,434",91%
118,119,Brightburn,"$32,893,421","$17,300,439",52.6%,"$15,592,982",47.4%
119,120,UglyDolls,"$32,450,241","$20,150,241",62.1%,"$12,300,000",37.9%
120,121,Stuber,"$32,390,945","$22,370,452",69.1%,"$10,020,493",30.9%
121,122,The Kid Who Would Be King,"$32,140,970","$16,790,790",52.2%,"$15,350,180",47.8%
122,123,Anna,"$31,329,947","$7,743,794",24.7%,"$23,586,153",75.3%
123,124,Gully Boy,"$28,141,995","$5,566,534",19.8%,"$22,575,461",80.2%
124,125,Total Dhamaal,"$26,911,995","$2,167,632",8.1%,"$24,744,363",91.9%
125,126,No Manches Frida 2,"$26,493,648","$9,270,920",35%,"$17,222,728",65%
126,127,Missing Link,"$26,249,469","$16,649,539",63.4%,"$9,599,930",36.6%
127,128,"The Gangster, the Cop, the Devil","$25,775,371","$216,494",0.8%,"$25,558,877",99.2%
128,129,Booksmart,"$24,863,452","$22,680,962",91.2%,"$2,182,490",8.8%
129,130,Super 30,"$24,701,637","$2,269,878",9.2%,"$22,431,759",90.8%
130,131,Black and Blue,"$22,741,061","$22,055,313",97%,"$685,748",3%
131,132,The Peanut Butter Falcon,"$22,478,105","$20,457,151",91%,"$2,020,954",9%
132,133,Late Night,"$22,386,555","$15,499,454",69.2%,"$6,887,101",30.8%
133,134,The Farewell,"$22,110,994","$17,695,781",80%,"$4,415,213",20%
134,135,Shaft,"$21,360,215","$21,360,215",100%,-,-
135,136,Hotel Mumbai,"$21,314,816","$9,651,611",45.3%,"$11,663,205",54.7%
136,137,Unplanned,"$21,051,915","$19,005,109",90.3%,"$2,046,806",9.7%
137,138,Always Miss You,"$19,015,465","$91,884",0.5%,"$18,923,581",99.5%
138,139,Greta,"$18,653,107","$10,532,219",56.5%,"$8,120,888",43.5%
139,140,Peppa Celebrates Chinese New Year,"$18,653,040","$131,225",0.7%,"$18,521,815",99.3%
140,141,Black Christmas,"$18,529,730","$10,429,730",56.3%,"$8,100,000",43.7%
141,142,Motherless Brooklyn,"$18,377,736","$9,277,736",50.5%,"$9,100,000",49.5%
142,143,Blinded by the Light,"$18,019,198","$11,901,145",66%,"$6,118,053",34%
143,144,Kalank,"$17,987,034","$2,729,336",15.2%,"$15,257,698",84.8%
144,145,The Lighthouse,"$17,567,104","$10,867,104",61.9%,"$6,700,000",38.1%
145,146,Fate/stay night [Heaven's Feel] II. lost butterfly,"$17,295,864","$420,595",2.4%,"$16,875,269",97.6%
146,147,Nothing to Lose 2,"$16,610,713","$1,150,551",6.9%,"$15,460,162",93.1%
147,148,Tazza: One-Eyed Jack,"$16,572,611","$97,655",0.6%,"$16,474,956",99.4%
148,149,Poms,"$16,418,218","$13,631,124",83%,"$2,787,094",17%
149,150,Little Q,"$16,360,233","$1,652",<0.1%,"$16,358,581",100%
150,151,Playmobil: The Movie,"$16,347,890","$1,115,008",6.8%,"$15,232,882",93.2%
151,152,The Kitchen,"$15,980,032","$12,180,032",76.2%,"$3,800,000",23.8%
152,153,Miss Bala,"$15,383,580","$15,006,824",97.6%,"$376,756",2.4%
153,154,Apollo 11,"$15,342,353","$9,039,891",58.9%,"$6,302,462",41.1%
154,155,Dark Waters,"$15,079,136","$11,136,084",73.9%,"$3,943,052",26.1%
155,156,The Dead Don't Die,"$14,502,830","$6,563,605",45.3%,"$7,939,225",54.7%
156,157,Serenity,"$14,454,622","$8,547,045",59.1%,"$5,907,577",40.9%
157,158,Miss & Mrs. Cops,"$12,147,170","$104,578",0.9%,"$12,042,592",99.1%
158,159,The Divine Fury,"$11,799,556","$102,982",0.9%,"$11,696,574",99.1%
159,160,The Current War: Director's Cut,"$11,545,439","$5,979,540",51.8%,"$5,565,899",48.2%
160,161,Bring The Soul: The Movie,"$11,393,886","$4,809,800",42.2%,"$6,584,086",57.8%
161,162,Gloria Bell,"$11,145,006","$5,611,123",50.3%,"$5,533,883",49.7%
162,163,The Goldfinch,"$10,537,581","$5,332,621",50.6%,"$5,204,960",49.4%
163,164,"Where'd You Go, Bernadette","$10,411,096","$9,198,356",88.4%,"$1,212,740",11.6%
164,165,The Best of Enemies,"$10,209,813","$10,205,616",100%,"$4,197",<0.1%
165,166,BTS World Tour: Love Yourself in Seoul,"$10,109,421","$3,509,917",34.7%,"$6,599,504",65.3%
166,167,Arctic Dogs,"$9,855,834","$5,801,249",58.9%,"$4,054,585",41.1%
167,168,Tod@s Caen,"$9,667,157","$2,670,925",27.6%,"$6,996,232",72.4%
168,169,Official Secrets,"$9,581,462","$1,988,546",20.8%,"$7,592,916",79.2%
169,170,Promare,"$9,547,595","$2,313,186",24.2%,"$7,234,409",75.8%
170,171,The Aftermath,"$9,215,591","$1,618,497",17.6%,"$7,597,094",82.4%
171,172,Tolkien,"$9,090,040","$4,535,154",49.9%,"$4,554,886",50.1%
172,173,Jexi,"$8,987,040","$6,546,159",72.8%,"$2,440,881",27.2%
173,174,Captive State,"$8,772,812","$5,958,315",67.9%,"$2,814,497",32.1%
174,175,Code Geass: Lelouch of the Re;Surrection 2019 Re-release,"$8,715,612","$522,805",6%,"$8,192,807",94%
175,176,The Traitor,"$8,616,219","$262,017",3%,"$8,354,202",97%
176,177,Portrait of a Lady on Fire,"$8,115,203","$2,471,585",30.5%,"$5,643,618",69.5%
177,178,Pavarotti,"$7,885,016","$4,600,249",58.3%,"$3,284,767",41.7%
178,179,By the Grace of God,"$7,754,770","$66,177",0.9%,"$7,688,593",99.1%
179,180,Love Live! Sunshine!! The School Idol Movie: Over The Rainbow,"$7,733,048","$34,135",0.4%,"$7,698,913",99.6%
180,181,Penguins,"$7,699,452","$7,699,452",100%,-,-
181,182,The Battle of Jangsari,"$7,693,800","$70,853",0.9%,"$7,622,947",99.1%
182,183,The White Crow,"$7,622,595","$1,828,784",24%,"$5,793,811",76%
183,184,Brittany Runs a Marathon,"$7,442,106","$7,189,808",96.6%,"$252,298",3.4%
184,185,Mayday Life,"$7,435,496","$85,912",1.2%,"$7,349,584",98.8%
185,186,Wild Rose,"$7,123,449","$1,635,117",23%,"$5,488,332",77%
186,187,The Sun Is Also a Star,"$6,750,029","$4,950,029",73.3%,"$1,800,000",26.7%
187,188,National Theatre Live: Fleabag,"$6,473,793","$326,283",5%,"$6,147,510",95%
188,189,Run the Race,"$6,424,420","$6,424,420",100%,-,-
189,190,The Mustang,"$6,405,816","$5,043,620",78.7%,"$1,362,196",21.3%
190,191,Immortal Hero,"$6,179,954","$43,007",0.7%,"$6,136,947",99.3%
191,192,The Professor and the Madman,"$6,147,812",-,-,"$6,147,812",100%
192,193,"Cyrano, My Love","$5,982,358","$351,019",5.9%,"$5,631,339",94.1%
193,194,Furie,"$5,717,640","$594,788",10.4%,"$5,122,852",89.6%
194,195,Saaho,"$5,708,522","$2,872,057",50.3%,"$2,836,465",49.7%
195,196,Mission Mangal,"$5,667,057","$3,659,413",64.6%,"$2,007,644",35.4%
196,197,Don't Let Go,"$5,288,011","$5,215,062",98.6%,"$72,949",1.4%
197,198,The Biggest Little Farm,"$5,245,662","$4,366,949",83.2%,"$878,713",16.8%
198,199,Konosuba!: God's Blessing on This Wonderful World! - Legend of Crimson,"$5,078,942","$1,134,786",22.3%,"$3,944,156",77.7%
199,200,Menteur,"$4,697,364","$4,697,364",100%,-,-
200,201,Jay and Silent Bob Reboot,"$4,691,248","$4,589,490",97.8%,"$101,758",2.2%
201,202,Housefull 4,"$4,624,936","$2,109,160",45.6%,"$2,515,776",54.4%
202,203,The Last Black Man in San Francisco,"$4,607,017","$4,515,719",98%,"$91,298",2%
203,204,The Beach Bum,"$4,554,416","$3,502,600",76.9%,"$1,051,816",23.1%
204,205,Brian Banks,"$4,376,819","$4,376,819",100%,-,-
205,206,Uri: The Surgical Strike 2019 Re-release,"$4,302,454","$4,186,168",97.3%,"$116,286",2.7%
206,207,Swift,"$4,299,329",-,-,"$4,299,329",100%
207,208,Linda Ronstadt: The Sound of My Voice,"$4,252,657","$4,252,657",100%,-,-
208,209,A Hidden Life,"$4,223,718","$1,730,597",41%,"$2,493,121",59%
209,210,Savage,"$4,140,502","$74,491",1.8%,"$4,066,011",98.2%
210,211,Arctic 2019 Re-release,"$4,124,015","$2,410,795",58.5%,"$1,713,220",41.5%
211,212,Junglee,"$4,033,587","$295,784",7.3%,"$3,737,803",92.7%
212,213,Lucifer,"$3,956,978",-,-,"$3,956,978",100%
213,214,Ride Your Wave,"$3,925,155","$330,572",8.4%,"$3,594,583",91.6%
214,215,Western Stars,"$3,681,681","$1,581,681",43%,"$2,100,000",57%
215,216,Badla,"$3,590,894","$1,861,000",51.8%,"$1,729,894",48.2%
216,217,The Oscar Nominated Short Films 2019: Documentary,"$3,538,550","$3,531,094",99.8%,"$7,456",0.2%
217,218,Ek Ladki Ko Dekha Toh Aisa Laga,"$3,531,837","$1,182,636",33.5%,"$2,349,201",66.5%
218,219,Faustina: Love and Mercy,"$3,498,887","$2,243,180",64.1%,"$1,255,707",35.9%
219,220,Maiden,"$3,495,241","$3,168,978",90.7%,"$326,263",9.3%
220,221,Midnight Diner,"$3,412,771","$18,555",0.5%,"$3,394,216",99.5%
221,222,Friends 25th: The One With The Anniversary,"$3,403,406","$2,884,827",84.8%,"$518,579",15.2%
222,223,The Hole in the Ground,"$3,373,474","$21,072",0.6%,"$3,352,402",99.4%
223,224,Echo in the Canyon,"$3,355,324","$3,355,324",100%,-,-
224,225,The Death and Life of John F. Donovan,"$3,326,364","$152,713",4.6%,"$3,173,651",95.4%
225,226,Chhichhore,"$3,307,350","$2,004,400",60.6%,"$1,302,950",39.4%
226,227,Marianne & Leonard: Words of Love,"$3,260,620","$1,012,034",31%,"$2,248,586",69%
227,228,Honey Boy,"$3,225,360","$3,012,615",93.4%,"$212,745",6.6%
228,229,Pilgrim's Progress,"$3,173,282","$1,294,596",40.8%,"$1,878,686",59.2%
229,230,All Is True,"$3,019,143","$1,200,481",39.8%,"$1,818,662",60.2%
230,231,The Aeronauts,"$2,907,225",-,-,"$2,907,225",100%
231,232,Children of the Sea,"$2,843,206",-,-,"$2,843,206",100%
232,233,Metallica & San Francisco Symphony - S&M2,"$2,705,442","$1,252,385",46.3%,"$1,453,057",53.7%
233,234,After the Wedding,"$2,694,390","$1,574,258",58.4%,"$1,120,132",41.6%
234,235,Diego Maradona,"$2,656,890",-,-,"$2,656,890",100%
235,236,Kinky Boots: The Musical,"$2,614,365","$900,451",34.4%,"$1,713,914",65.6%
236,237,Spirits in the Forest,"$2,531,785","$704,744",27.8%,"$1,827,041",72.2%
237,238,Polaroid,"$2,489,778",-,-,"$2,489,778",100%
238,239,The Art of Self-Defense,"$2,414,269","$2,410,914",99.9%,"$3,355",0.1%
239,240,The Informer,"$2,407,288",-,-,"$2,407,288",100%
240,241,Sound! Euphonium the Movie - Our Promise: A Brand New Day,"$2,403,030","$90,341",3.8%,"$2,312,689",96.2%
241,242,Piranhas,"$2,298,525","$23,494",1%,"$2,275,031",99%
242,243,3 from Hell,"$2,295,825","$2,172,949",94.6%,"$122,876",5.4%
243,244,Luce,"$2,268,204","$2,010,613",88.6%,"$257,591",11.4%
244,245,Gone with the Wind 2019 Re-release,"$2,176,120","$2,176,120",100%,-,-
245,246,The Wizard of Oz 2019 Re-release,"$2,076,020","$2,076,020",100%,-,-
246,247,Waves,"$1,993,350","$1,658,790",83.2%,"$334,560",16.8%
247,248,42nd Street: The Musical,"$1,967,450","$187,440",9.5%,"$1,780,010",90.5%
248,249,Luka Chuppi,"$1,923,586","$1,042,905",54.2%,"$880,681",45.8%
249,250,Beanpole,"$1,867,102","$157,430",8.4%,"$1,709,672",91.6%
250,251,Fantastic Fungi,"$1,849,050","$1,788,322",96.7%,"$60,728",3.3%
251,252,The Other Side of Heaven 2: Fire of Faith,"$1,807,216","$1,807,216",100%,-,-
252,253,The Souvenir,"$1,719,157","$1,036,737",60.3%,"$682,420",39.7%
253,254,Invisible Life,"$1,685,195","$146,535",8.7%,"$1,538,660",91.3%
254,255,La femme de mon frère,"$1,671,969","$539,524",32.3%,"$1,132,445",67.7%
255,256,Deerskin,"$1,656,279",-,-,"$1,656,279",100%
256,257,Matthias & Maxime,"$1,646,375","$374,739",22.8%,"$1,271,636",77.2%
257,258,Student of the Year 2,"$1,635,907","$778,566",47.6%,"$857,341",52.4%
258,259,The Crossing,"$1,589,212","$90,896",5.7%,"$1,498,316",94.3%
259,260,Teen Spirit,"$1,573,601","$441,366",28%,"$1,132,235",72%
260,261,The Kid,"$1,553,483","$1,508,593",97.1%,"$44,890",2.9%
261,262,Tel Aviv on Fire,"$1,548,893","$506,145",32.7%,"$1,042,748",67.3%
262,263,The Chaperone,"$1,541,223","$600,654",39%,"$940,569",61%
263,264,De De Pyaar De,"$1,473,116","$425,934",28.9%,"$1,047,182",71.1%
264,265,It 2019 Re-release,"$1,414,696","$1,347,126",95.2%,"$67,570",4.8%
265,266,El Chicano,"$1,404,646","$1,400,603",99.7%,"$4,043",0.3%
266,267,For Sama,"$1,371,380","$43,796",3.2%,"$1,327,584",96.8%
267,268,Monos,"$1,361,961","$406,473",29.8%,"$955,488",70.2%
268,269,Alien 2019 Re-release,"$1,356,259","$833,658",61.5%,"$522,601",38.5%
269,270,Roger Waters - Us + Them,"$1,294,480","$611,644",47.3%,"$682,836",52.7%
270,271,Fagara,"$1,265,949","$43,417",3.4%,"$1,222,532",96.6%
271,272,Batla House,"$1,264,337","$493,180",39%,"$771,157",61%
272,273,BTS World Tour 'Love Yourself: Speak Yourself' (The Final) Seoul Live Viewing,"$1,226,552","$1,226,552",100%,-,-
273,274,Kingdom Men Rising,"$1,188,936","$1,188,936",100%,-,-
274,275,Los Domirriqueños 2,"$1,187,280","$1,187,280",100%,-,-
275,276,The Song of Names,"$1,120,693","$1,058,307",94.4%,"$62,386",5.6%
276,277,My Neighbor Totoro 2019 Re-release,"$1,105,564","$1,105,564",100%,-,-
277,278,El Coyote,"$1,101,470","$1,101,470",100%,-,-
278,279,The Goonies 2019 Re-release,"$1,089,463","$864,378",79.3%,"$225,085",20.7%
279,280,The Sky Is Pink,"$1,088,641","$652,592",59.9%,"$436,049",40.1%
280,281,Jesus Is King,"$1,082,629","$973,000",89.9%,"$109,629",10.1%
281,282,Mystify: Michael Hutchence,"$1,082,456","$289,573",26.8%,"$792,883",73.2%
282,283,Bennett's War,"$1,056,416","$1,056,416",100%,-,-
283,284,Noah: The Musical,"$1,035,603","$1,035,603",100%,-,-
284,285,Photograph,"$1,019,196","$344,534",33.8%,"$674,662",66.2%
285,286,Cold Blood,"$1,009,888","$5,083",0.5%,"$1,004,805",99.5%
286,287,Kiki's Delivery Service 2019 Re-release,"$1,004,057","$1,004,057",100%,-,-
287,288,Miles Davis: Birth of the Cool,"$984,499","$614,201",62.4%,"$370,298",37.6%
288,289,Rush: Cinema Strangiato 2019,"$960,073","$960,073",100%,-,-
289,290,The Fighting Preacher,"$954,641","$954,641",100%,-,-
290,291,Toni Morrison: The Pieces I Am,"$903,018","$903,018",100%,-,-
291,292,The Hummingbird Project,"$899,037","$371,784",41.4%,"$527,253",58.6%
292,293,The Game Changers,"$897,992","$739,711",82.4%,"$158,281",17.6%
293,294,Between Me and My Mind,"$875,191","$875,191",100%,-,-
294,295,Howl's Moving Castle 2019 Re-release,"$865,647","$865,647",100%,-,-
295,296,Steel Magnolias 2019 Re-release,"$855,421","$855,421",100%,-,-
296,297,Honeyland,"$846,646","$815,082",96.3%,"$31,564",3.7%
297,298,The Nightingale,"$839,660","$400,209",47.7%,"$439,451",52.3%
298,299,Vita & Virginia,"$815,419","$42,741",5.2%,"$772,678",94.8%
299,300,Joni 75: A Birthday Celebration,"$808,831","$752,205",93%,"$56,626",7%
300,301,Chonda Pierce: Unashamed,"$787,979","$787,979",100%,-,-
301,302,The Church,"$772,000","$772,000",100%,-,-
302,303,DanTDM Presents The Contest,"$765,363","$307,484",40.2%,"$457,879",59.8%
303,304,Patterns of Evidence: Moses Controversy,"$765,361","$765,361",100%,-,-
304,305,I Love Lucy: A Colorized Celebration,"$754,323","$754,323",100%,-,-
305,306,The Whistlers,"$732,973","$20,458",2.8%,"$712,515",97.2%
306,307,David Crosby: Remember My Name,"$732,793","$732,793",100%,-,-
307,308,Where's My Roy Cohn?,"$722,603","$705,274",97.6%,"$17,329",2.4%
308,309,Frankie,"$695,680","$171,781",24.7%,"$523,899",75.3%
309,310,The Least of These: The Graham Staines Story,"$695,164","$607,015",87.3%,"$88,149",12.7%
310,311,Raise Hell: The Life & Times of Molly Ivins,"$694,410","$694,410",100%,-,-
311,312,Stockholm,"$692,514","$292,590",42.3%,"$399,924",57.7%
312,313,Romeo Akbar Walter,"$688,719","$236,299",34.3%,"$452,420",65.7%
313,314,The Public,"$644,740","$573,503",89%,"$71,237",11%
314,315,Aquarela,"$628,733","$307,346",48.9%,"$321,387",51.1%
315,316,Asako I & II,"$627,102","$25,559",4.1%,"$601,543",95.9%
316,317,Give Me Liberty,"$624,152","$242,734",38.9%,"$381,418",61.1%
317,318,Nancy Drew and the Hidden Staircase,"$623,088","$623,088",100%,-,-
318,319,Dirty Dancing 2019 Re-release,"$622,968","$622,968",100%,-,-
319,320,Synonyms,"$615,141","$205,552",33.4%,"$409,589",66.6%
320,321,Killerman,"$614,366","$291,477",47.4%,"$322,889",52.6%
321,322,The Muppet Movie 2019 Re-release,"$610,475","$610,475",100%,-,-
322,323,The Golden Glove,"$604,147","$6,160",1%,"$597,987",99%
323,324,To Kill a Mockingbird 2019 Re-release,"$592,237","$592,237",100%,-,-
324,325,The Cure: Anniversary 1978-2018 Live in Hyde Park,"$591,904","$378,405",63.9%,"$213,499",36.1%
325,326,Bethany Hamilton: Unstoppable,"$590,671","$590,671",100%,-,-
326,327,My Fair Lady 2019 Re-release,"$560,711","$560,711",100%,-,-
327,328,Fiddler: A Miracle of Miracles,"$558,816","$549,386",98.3%,"$9,430",1.7%
328,329,Light of My Life,"$547,161","$20,056",3.7%,"$527,105",96.3%
329,330,"DCI 2019: Big, Loud & Live 16","$546,060","$546,060",100%,-,-
330,331,The Day Shall Come,"$543,993","$26,972",5%,"$517,021",95%
331,332,Grateful Dead Meet-Up 2019,"$537,153","$537,153",100%,-,-
332,333,CatVideoFest,"$536,566","$470,923",87.8%,"$65,643",12.2%
333,334,Margaret Atwood: Live in Cinemas,"$529,285","$93,690",17.7%,"$435,595",82.3%
334,335,The Audience 2019 Re-release,"$523,432","$106,529",20.4%,"$416,903",79.6%
335,336,The Spy Behind Home Plate,"$519,525","$519,525",100%,-,-
336,337,Wild Nights with Emily,"$519,487","$519,487",100%,-,-
337,338,Bolshoi Ballet: Carmen Suite/Petrushka,"$510,628","$207,523",40.6%,"$303,105",59.4%
338,339,Saving Private Ryan 2019 Re-release,"$508,694","$508,694",100%,-,-
339,340,Whisper of the Heart 2019 Re-release,"$498,156","$498,156",100%,-,-
340,341,Nausicaä of the Valley of the Wind 2019 Re-release,"$495,770","$495,770",100%,-,-
341,342,Monty Python's Life of Brian 2019 Re-release,"$487,969","$161,507",33.1%,"$326,462",66.9%
342,343,The Russian Five,"$485,049","$485,049",100%,-,-
343,344,Lawrence of Arabia 2019 Re-release,"$482,281","$482,281",100%,-,-
344,345,Liam Gallagher: As It Was,"$477,009",-,-,"$477,009",100%
345,346,Hail Satan?,"$467,232","$424,284",90.8%,"$42,948",9.2%
346,347,Christmas Jars,"$459,462","$459,462",100%,-,-
347,348,Cruel Intentions 2019 Re-release,"$445,218","$445,218",100%,-,-
348,349,What We Left Behind: Star Trek DS9,"$434,437","$382,457",88%,"$51,980",12%
349,350,Killing Sarai,"$425,332","$425,332",100%,-,-
350,351,Ben-Hur 2019 Re-release,"$422,622","$422,622",100%,-,-
351,352,The Cold Blue,"$420,177","$420,177",100%,-,-
352,353,The Reliant,"$408,747","$408,747",100%,-,-
353,354,"Hello, Dolly!","$400,881","$400,881",100%,-,-
354,355,The Wedding Guest,"$386,166","$386,166",100%,-,-
355,356,The Secret World of Arrietty 2019 Re-release,"$384,289","$384,289",100%,-,-
356,357,The Metropolitan Opera HD Live: Puccini: Turandot,"$375,295",-,-,"$375,295",100%
357,358,Ghostbusters 2019 Re-release,"$369,612","$369,612",100%,-,-
358,359,INXS: Baby Live at Wembly Stadium,"$366,425","$161,750",44.1%,"$204,675",55.9%
359,360,Lords of Chaos,"$365,353","$253,184",69.3%,"$112,169",30.7%
360,361,Clemency,"$364,716","$364,716",100%,-,-
361,362,Seberg,"$362,181","$261,690",72.3%,"$100,491",27.7%
362,363,K-12,"$359,377","$303,230",84.4%,"$56,147",15.6%
363,364,The Shawshank Redemption 2019 Re-release,"$358,507","$358,507",100%,-,-
364,365,The Tomorrow Man,"$354,103","$354,103",100%,-,-
365,366,Star Trek: The Motion Picture 2019 Re-release,"$346,243","$346,243",100%,-,-
366,367,Triple Threat,"$345,900","$76,289",22.1%,"$269,611",77.9%
367,368,Is It Wrong to Try to Pick Up Girls in a Dungeon - Arrow of the Orion,"$338,632","$271,489",80.2%,"$67,143",19.8%
368,369,Diane,"$336,166","$336,166",100%,-,-
369,370,First Love,"$335,413","$218,329",65.1%,"$117,084",34.9%
370,371,Freaks,"$335,050","$276,591",82.6%,"$58,459",17.4%
371,372,Anthropocene: The Human Epoch,"$334,162","$104,806",31.4%,"$229,356",68.6%
372,373,A Silent Voice: The Movie 2019 Re-release,"$333,984","$333,984",100%,-,-
373,374,The Big Fight Live: IBF Welterweight Title: Errol Spence Jr. vs. Mikey Garcia,"$328,979","$328,979",100%,-,-
374,375,Lucy in the Sky,"$325,950","$319,976",98.2%,"$5,974",1.8%
375,376,Sword of Trust,"$323,369","$322,421",99.7%,$948,0.3%
376,377,Woodstock,"$320,610","$126,562",39.5%,"$194,048",60.5%
377,378,Meeting Gorbachev,"$319,537","$251,837",78.8%,"$67,700",21.2%
378,379,You Are Here: A Come From Away Story,"$318,885","$318,885",100%,-,-
379,380,Ask Dr. Ruth,"$318,230","$297,195",93.4%,"$21,035",6.6%
380,381,Josh Groban Bridges from Madison Square Garden,"$315,173","$315,173",100%,-,-
381,382,Bolshoi Ballet: The Sleeping Beauty,"$311,368","$311,368",100%,-,-
382,383,Plácido Domingo Gala,"$311,246","$52,502",16.9%,"$258,744",83.1%
383,384,The Third Wife,"$305,755","$84,933",27.8%,"$220,822",72.2%
384,385,Cliffs of Freedom,"$300,842","$72,476",24.1%,"$228,366",75.9%
385,386,Shakira in Concert: El Dorado World Tour,"$294,677","$271,586",92.2%,"$23,091",7.8%
386,387,The Giant Spider Invasion,"$293,053","$293,053",100%,-,-
387,388,Cunningham,"$291,591","$261,559",89.7%,"$30,032",10.3%
388,389,The Zoya Factor,"$289,631","$128,831",44.5%,"$160,800",55.5%
389,390,Saga of Tanya the Evil - The Movie,"$288,460","$288,460",100%,-,-
390,391,"A White, White Day","$286,268",-,-,"$286,268",100%
391,392,Khalid: Free Spirit,"$284,229","$284,229",100%,-,-
392,393,Mike Wallace Is Here,"$281,245","$281,245",100%,-,-
393,394,Octaman,"$280,710","$280,710",100%,-,-
394,395,See You Soon,"$277,126",-,-,"$277,126",100%
395,396,True Grit 2019 Re-release,"$276,418","$276,418",100%,-,-
396,397,Slayer: The Repentless Killogy,"$272,874","$268,727",98.5%,"$4,147",1.5%
397,398,One Child Nation,"$271,841","$270,128",99.4%,"$1,713",0.6%
398,399,Luzia: Cirque du Soleil in Cinema,"$265,673","$265,673",100%,-,-
399,400,Out of Liberty,"$265,279","$265,279",100%,-,-
400,401,Asbury Park: Riot Redemption Rock 'n Roll,"$264,983","$167,684",63.3%,"$97,299",36.7%
401,402,Her Smell,"$260,481","$255,599",98.1%,"$4,882",1.9%
402,403,Star Raiders: The Adventures of Saber Raine,"$260,234","$260,234",100%,-,-
403,404,I Got the Hook Up 2,"$252,293","$252,293",100%,-,-
404,405,Canal Street,"$251,917","$251,917",100%,-,-
405,406,The Twilight Zone: A 60th Anniversary Celebration,"$248,514","$248,514",100%,-,-
406,407,Doctor Who: The End of Time: Part One,"$247,798","$247,798",100%,-,-
407,408,Forrest Gump 2019 Re-release,"$246,519","$203,088",82.4%,"$43,431",17.6%
408,409,American Woman,"$245,416","$236,637",96.4%,"$8,779",3.6%
409,410,Out of Blue,"$242,847","$18,779",7.7%,"$224,068",92.3%
410,411,311 Enlarged to Show Detail 3,"$238,791","$238,791",100%,-,-
411,412,India's Most Wanted,"$235,351","$176,858",75.1%,"$58,493",24.9%
412,413,Play the Flute,"$233,756","$233,756",100%,-,-
413,414,Premier Boxing Champions: PBC on FOX: Spence vs. Porter,"$232,973","$232,973",100%,-,-
414,415,DAZN Boxing: Canelo Alvarez vs. Daniel Jacobs,"$230,703","$230,703",100%,-,-
415,416,Varda by Agnès,"$229,909","$156,865",68.2%,"$73,044",31.8%
416,417,Ophelia,"$229,405","$50,722",22.1%,"$178,683",77.9%
417,418,Mine 9,"$226,421","$226,421",100%,-,-
418,419,Millennium Actress 2019 Re-release,"$225,250","$225,250",100%,-,-
419,420,Premier Boxing Champions: PBC on FOX PPV: Pacquiao vs. Thurman,"$223,858","$223,858",100%,-,-
420,421,Never Surrender: A Galaxy Quest Documentary,"$222,971","$222,971",100%,-,-
421,422,The Karate Kid 2019 Re-release,"$215,447","$215,447",100%,-,-
422,423,Hamlet 2019 Re-release,"$214,578","$214,578",100%,-,-
423,424,Tigers Are Not Afraid 2019 Re-release,"$210,138","$175,559",83.5%,"$34,579",16.5%
424,425,"Faith, Hope & Love","$210,091","$210,091",100%,-,-
425,426,Kathy Griffin: A Hell of a Story,"$208,907","$208,907",100%,-,-
426,427,Batman 2019 Re-release,"$207,901","$159,419",76.7%,"$48,482",23.3%
427,428,The Iron Orchard,"$204,881","$204,881",100%,-,-
428,429,Hesburgh,"$204,709","$204,709",100%,-,-
429,430,Working Woman,"$204,060","$64,048",31.4%,"$140,012",68.6%
430,431,Blink of an Eye,"$201,874","$201,874",100%,-,-
431,432,Zombi Child,"$198,612","$23,581",11.9%,"$175,031",88.1%
432,433,The Cave,"$197,097","$62,625",31.8%,"$134,472",68.2%
433,434,Buñuel in the Labyrinth of the Turtles,"$196,456","$36,205",18.4%,"$160,251",81.6%
434,435,Family,"$194,601","$194,601",100%,-,-
435,436,Little Joe,"$192,224","$23,862",12.4%,"$168,362",87.6%
436,437,Mr. Klein,"$191,953","$191,953",100%,-,-
437,438,The Divine Plan,"$190,031","$190,031",100%,-,-
438,439,To Dust,"$184,495","$184,495",100%,-,-
439,440,The River and the Wall,"$183,602","$183,602",100%,-,-
440,441,Giant Little Ones,"$181,507","$181,507",100%,-,-
441,442,Rafiki,"$181,316","$137,968",76.1%,"$43,348",23.9%
442,443,Walking on Water,"$178,119","$102,140",57.3%,"$75,979",42.7%
443,444,Modest Heroes,"$178,027","$178,027",100%,-,-
444,445,The Warrior Queen of Jhansi,"$177,289","$177,289",100%,-,-
445,446,"Iyengar: The Man, Yoga, and the Student's Journey","$176,387","$176,387",100%,-,-
446,447,Them That Follow,"$172,952","$159,218",92.1%,"$13,734",7.9%
447,448,Bolshoi Ballet: The Golden Age,"$171,916","$171,916",100%,-,-
448,449,Little Woods,"$171,912","$150,010",87.3%,"$21,902",12.7%
449,450,Palau the Movie,"$171,155","$134,696",78.7%,"$36,459",21.3%
450,451,Britt-Marie Was Here,"$168,862","$36,549",21.6%,"$132,313",78.4%
451,452,Bright Ones,"$165,627","$165,627",100%,-,-
452,453,The Chambermaid,"$164,531","$86,422",52.5%,"$78,109",47.5%
453,454,Halston,"$163,446","$151,991",93%,"$11,455",7%
454,455,"Diana Ross: Her Life, Love and Legacy","$160,968","$160,968",100%,-,-
455,456,Money,"$155,732","$155,732",100%,-,-
456,457,Before You Know It,"$151,507","$151,507",100%,-,-
457,458,Jay Myself,"$151,331","$151,331",100%,-,-
458,459,Glory 2019 Re-release,"$150,801","$150,801",100%,-,-
459,460,Piercing,"$149,211","$15,856",10.6%,"$133,355",89.4%
460,461,The Kingmaker,"$148,611","$122,587",82.5%,"$26,024",17.5%
461,462,Trial by Fire,"$148,504","$148,504",100%,-,-
462,463,War and Peace,"$148,503","$148,503",100%,-,-
463,464,Driven,"$147,172",-,-,"$147,172",100%
464,465,Framing John DeLorean,"$145,625","$145,625",100%,-,-
465,466,Citizen K,"$144,996","$119,466",82.4%,"$25,530",17.6%
466,467,Doctor Who: Logopolis,"$143,248","$143,248",100%,-,-
467,468,Branagh Theatre Live: The Winter's Tale,"$141,143","$141,143",100%,-,-
468,469,Canelo vs. Kovalev,"$140,820","$140,820",100%,-,-
469,470,Wilder vs. Ortiz,"$139,207","$139,207",100%,-,-
470,471,Who Will Write Our History,"$138,039","$138,039",100%,-,-
471,472,Lynryd Skynyrd: Last of the Street Survivors Farewell Tour,"$137,888","$137,888",100%,-,-
472,473,Sonchiriya,"$135,413","$86,765",64.1%,"$48,648",35.9%
473,474,The Other Story,"$135,191","$135,191",100%,-,-
474,475,Made in Abyss: Journey's Dawn,"$134,194","$134,047",99.9%,$147,0.1%
475,476,Be Natural: The Untold Story of Alice Guy-Blaché,"$133,160","$115,265",86.6%,"$17,895",13.4%
476,477,The Wind,"$130,974","$28,252",21.6%,"$102,722",78.4%
477,478,Mister America,"$130,897","$130,897",100%,-,-
478,479,Little Monsters,"$130,381",-,-,"$130,381",100%
479,480,Section 375,"$129,916",-,-,"$129,916",100%
480,481,Paris Is Burning 2019 Re-release,"$125,677","$125,677",100%,-,-
481,482,This Changes Everything,"$125,348","$64,988",51.8%,"$60,360",48.2%
482,483,Mary Magdalene 2019 Re-release,"$124,741","$124,741",100%,-,-
483,484,Easy Rider 2019 Re-release,"$123,276","$123,276",100%,-,-
484,485,Tremors,"$121,813","$23,911",19.6%,"$97,902",80.4%
485,486,A Tuba to Cuba,"$121,772","$121,772",100%,-,-
486,487,Avant qu'on explose,"$119,894","$119,894",100%,-,-
487,488,Mob Psycho 100,"$115,766","$115,766",100%,-,-
488,489,Police Story,"$113,164","$113,164",100%,-,-
489,490,Skin,"$112,833",-,-,"$112,833",100%
490,491,Babylon,"$109,749","$109,749",100%,-,-
491,492,The Brink,"$106,057","$106,057",100%,-,-
492,493,Cold Case Hammarskjöld,"$104,965","$104,965",100%,-,-
493,494,Hotel by the River,"$101,879","$28,354",27.8%,"$73,525",72.2%
494,495,Those Who Remained,"$101,737",-,-,"$101,737",100%
495,496,Heavy Water,"$99,503","$55,446",55.7%,"$44,057",44.3%
496,497,High Strung Free Dance 2019 Re-release,"$98,481","$83,891",85.2%,"$14,590",14.8%
497,498,Charlie Says,"$98,240","$40,685",41.4%,"$57,555",58.6%
498,499,Prassthanam,"$97,204","$19,984",20.6%,"$77,220",79.4%
499,500,QT8: The First Eight,"$96,887","$51,896",53.6%,"$44,991",46.4%
500,501,Saint Judy,"$96,212","$78,935",82%,"$17,277",18%
501,502,A Bigger Splash 2019 Re-release,"$95,826","$95,826",100%,-,-
502,503,The Final Wish,"$95,215","$25,183",26.4%,"$70,032",73.6%
503,504,The Woman Who Loves Giraffes,"$94,533","$94,533",100%,-,-
504,505,Papi Chulo,"$94,321","$84,703",89.8%,"$9,618",10.2%
505,506,Mapplethorpe,"$91,002","$91,002",100%,-,-
506,507,Loopers: The Caddie's Long Walk,"$90,679","$90,679",100%,-,-
507,508,The Lumber Baron,"$88,336","$88,336",100%,-,-
508,509,Jim Allison: Breakthrough,"$87,984","$87,984",100%,-,-
509,510,ECCO,"$86,858","$86,858",100%,-,-
510,511,Vault,"$86,630","$29,491",34%,"$57,139",66%
511,512,Cyrano de Bergerac,"$86,300","$86,300",100%,-,-
512,513,Skid Row Marathon,"$84,997","$84,997",100%,-,-
513,514,Woodstock,"$84,440","$84,440",100%,-,-
514,515,Prey,"$82,258",-,-,"$82,258",100%
515,516,Batman Returns 2019 Re-release,"$80,699","$70,642",87.5%,"$10,057",12.5%
516,517,Ms. Purple,"$80,657","$80,657",100%,-,-
517,518,Armstrong,"$80,169","$19,740",24.6%,"$60,429",75.4%
518,519,End of the Century,"$78,892","$66,309",84.1%,"$12,583",15.9%
519,520,Christ Stopped at Eboli,"$78,736","$78,736",100%,-,-
520,521,Kind Hearts and Coronets 2019 Re-release,"$78,735","$33,888",43%,"$44,847",57%
521,522,Fast Colour,"$76,916","$76,916",100%,-,-
522,523,"Love, Antosha","$75,308","$50,168",66.6%,"$25,140",33.4%
523,524,5B,"$72,968","$72,968",100%,-,-
524,525,Greener Grass,"$71,838","$51,456",71.6%,"$20,382",28.4%
525,526,Free Trip to Egypt 2019 Re-release,"$71,087","$71,087",100%,-,-
526,527,Last Year at Marienbad 2019 Re-release,"$68,402","$63,425",92.7%,"$4,977",7.3%
527,528,¡He matado a mi marido!,"$68,017","$45,777",67.3%,"$22,240",32.7%
528,529,Being Frank,"$67,343","$67,343",100%,-,-
529,530,Making Waves: The Art of Cinematic Sound,"$63,998","$53,144",83%,"$10,854",17%
530,531,The Mountain,"$61,035","$61,035",100%,-,-
531,532,John Fogerty: 50 Year Trip - Live at Red Rocks,"$59,795","$59,795",100%,-,-
532,533,The Disappearance of My Mother,"$56,821","$24,951",43.9%,"$31,870",56.1%
533,534,Notebook,"$56,166",-,-,"$56,166",100%
534,535,Midnight Family,"$51,712","$42,310",81.8%,"$9,402",18.2%
535,536,Clinton Road,"$50,400","$50,400",100%,-,-
536,537,Midnight Traveler,"$50,336","$41,265",82%,"$9,071",18%
537,538,Free Trip to Egypt,"$49,693","$49,693",100%,-,-
538,539,The Bounty Killer,"$48,815","$48,815",100%,-,-
539,540,The Queen,"$47,818","$47,818",100%,-,-
540,541,The Raft,"$47,269","$39,678",83.9%,"$7,591",16.1%
541,542,High on the Hog,"$45,696","$45,696",100%,-,-
542,543,The Proposal,"$45,149","$45,149",100%,-,-
543,544,Celebration,"$44,898","$22,557",50.2%,"$22,341",49.8%
544,545,What Is Democracy?,"$44,536","$44,536",100%,-,-
545,546,Maze 2019 Re-release,"$44,381","$44,381",100%,-,-
546,547,Carmine Street Guitars,"$44,253","$44,253",100%,-,-
547,548,Slut in a Good Way,"$44,240","$40,513",91.6%,"$3,727",8.4%
548,549,Union,"$41,656","$41,656",100%,-,-
549,550,Why Don't You Just Die!,"$40,995",-,-,"$40,995",100%
550,551,Aniara,"$40,124","$40,124",100%,-,-
551,552,Zilla and Zoe,"$39,003","$39,003",100%,-,-
552,553,Shed of the Dead,"$38,901","$38,901",100%,-,-
553,554,Batman Forever 2019 Re-release,"$38,387","$38,014",99%,$373,1%
554,555,Memory: The Origins of Alien,"$37,272","$31,378",84.2%,"$5,894",15.8%
555,556,What You Gonna Do When the World's on Fire?,"$37,195","$4,672",12.6%,"$32,523",87.4%
556,557,The Quiet One,"$37,010","$37,010",100%,-,-
557,558,The Death of Dick Long,"$36,856","$36,856",100%,-,-
558,559,Our Time,"$36,240","$14,777",40.8%,"$21,463",59.2%
559,560,Loro,"$35,613","$35,613",100%,-,-
560,561,Ága,"$35,178","$35,178",100%,-,-
561,562,Killer Unicorn,"$33,901","$33,901",100%,-,-
562,563,Moonlight Sonata: Deafness in Three Movements,"$33,823","$33,823",100%,-,-
563,564,An Acceptable Loss,"$32,427","$32,427",100%,-,-
564,565,10E,"$32,413","$32,413",100%,-,-
565,566,Shooting the Mafia,"$32,042","$10,881",34%,"$21,161",66%
566,567,Desolation Center,"$32,016","$32,016",100%,-,-
567,568,Gift,"$31,588","$31,588",100%,-,-
568,569,The Cat Rescuers,"$31,540","$31,540",100%,-,-
569,570,Buddy,"$31,203","$31,203",100%,-,-
570,571,Pasolini 2019 Re-release,"$30,757","$30,757",100%,-,-
571,572,Los Reyes,"$30,418","$30,418",100%,-,-
572,573,Lionel Richie at Glastonbury,"$30,123","$30,123",100%,-,-
573,574,The Perfect Race,"$29,644","$29,644",100%,-,-
574,575,The Ground Beneath My Feet,"$29,251","$29,251",100%,-,-
575,576,Batman & Robin 2019 Re-release,"$28,793","$28,597",99.3%,$196,0.7%
576,577,The Load,"$28,410","$28,410",100%,-,-
577,578,El Norte 2019 Re-release,"$27,920","$27,920",100%,-,-
578,579,Bauhaus Spirit: 100 Years of Bauhaus,"$27,768","$17,122",61.7%,"$10,646",38.3%
579,580,"Leaving Home, Coming Home: A Portrait of Robert Frank","$27,073","$27,073",100%,-,-
580,581,Wrestle,"$26,597","$26,597",100%,-,-
581,582,Rosie,"$26,441","$6,839",25.9%,"$19,602",74.1%
582,583,Donnybrook,"$26,284","$26,284",100%,-,-
583,584,Hyènes,"$24,672","$24,672",100%,-,-
584,585,The Aspern Papers,"$24,554","$9,277",37.8%,"$15,277",62.2%
585,586,Chasing Einstein,"$24,057","$24,057",100%,-,-
586,587,Robert the Bruce,"$23,425",-,-,"$23,425",100%
587,588,Ode to Joy,"$22,594","$17,303",76.6%,"$5,291",23.4%
588,589,The Sound of Silence,"$21,994","$20,013",91%,"$1,981",9%
589,590,Wicked Witches,"$21,600","$21,600",100%,-,-
590,591,Round of Your Life,"$20,941","$20,941",100%,-,-
591,592,General Magic,"$20,046","$20,046",100%,-,-
592,593,The Gospel of Eureka,"$20,039","$20,039",100%,-,-
593,594,Scandalous: The True Story of the National Enquirer,"$18,759","$18,759",100%,-,-
594,595,Before Stonewall,"$18,724","$18,724",100%,-,-
595,596,The Return of Martin Guerre 2019 Re-release,"$18,603","$18,603",100%,-,-
596,597,"Phoenix, Oregon","$18,356","$18,356",100%,-,-
597,598,The Cranes Are Flying,"$17,923","$17,923",100%,-,-
598,599,Chained for Life,"$17,431","$17,431",100%,-,-
599,600,Joseph Pulitzer: Voice of the People,"$16,970","$16,970",100%,-,-
600,601,Virginia Minnesota,"$16,118","$16,118",100%,-,-
601,602,Starfish,"$15,849","$15,849",100%,-,-
602,603,Trinity Seven The Movie 2: Heavens Library & Crimson Lord,"$15,712","$15,712",100%,-,-
603,604,The Competition 2019 Re-release,"$15,622","$15,622",100%,-,-
604,605,Stuffed,"$15,532","$15,532",100%,-,-
605,606,Between the Lines,"$15,383","$15,383",100%,-,-
606,607,Funan,"$15,152","$15,152",100%,-,-
607,608,Wrinkles the Clown,"$14,938","$14,938",100%,-,-
608,609,ZZ Top: That Little Ol' Band from Texas,"$14,879","$14,879",100%,-,-
609,610,My Son 2019 Re-release,"$14,450","$14,450",100%,-,-
610,611,Combat Obscura,"$14,242","$14,242",100%,-,-
611,612,Screwball,"$13,967","$13,967",100%,-,-
612,613,Genesis,"$13,856","$6,784",49%,"$7,072",51%
613,614,This One's for the Ladies,"$13,688","$13,688",100%,-,-
614,615,Rapid Response,"$13,294","$13,294",100%,-,-
615,616,Off Season,"$12,544","$12,544",100%,-,-
616,617,Bricked,"$12,201","$12,201",100%,-,-
617,618,Zen for Nothing,"$12,107","$12,107",100%,-,-
618,619,Imprisoned,"$12,050","$12,050",100%,-,-
619,620,Quartet,"$12,042","$12,042",100%,-,-
620,621,"Cassandro, The Exotico!","$11,897","$11,897",100%,-,-
621,622,In Like Flynn,"$11,255","$11,255",100%,-,-
622,623,Made Me Do It,"$11,151","$11,151",100%,-,-
623,624,Suburban Birds,"$10,997","$10,997",100%,-,-
624,625,If the Dancer Dances,"$10,912","$10,912",100%,-,-
625,626,Vision Portraits,"$10,771","$10,771",100%,-,-
626,627,When Lambs Become Lions,"$10,197","$9,337",91.6%,$860,8.4%
627,628,Olivia,"$9,934","$9,934",100%,-,-
628,629,Streetwise,"$9,904","$9,904",100%,-,-
629,630,The Spanish Prisoner 2019 Re-release,"$9,589","$9,589",100%,-,-
630,631,Fritz Lang's Indian Epic 2019 re-release,"$9,345","$9,345",100%,-,-
631,632,A Dark Place,"$9,212",-,-,"$9,212",100%
632,633,Cracked Up,"$9,197","$9,197",100%,-,-
633,634,Frantz Fanon: Black Skin White Mask,"$9,025","$9,025",100%,-,-
634,635,The Meanest Man in Texas,"$8,850","$8,850",100%,-,-
635,636,That Part Feeling - the Universe of Arvo Part,"$8,812","$8,812",100%,-,-
636,637,The Dead Center,"$8,320","$8,320",100%,-,-
637,638,Angels Are Made Of Light,"$7,919","$7,919",100%,-,-
638,639,This Magnificent Cake!,"$7,888","$7,888",100%,-,-
639,640,Ghost Fleet,"$7,850","$7,850",100%,-,-
640,641,The Plagiarists,"$7,768","$7,768",100%,-,-
641,642,Gregory's Girl,"$7,710","$7,710",100%,-,-
642,643,I'll Take Your Dead,"$7,692","$7,692",100%,-,-
643,644,Beloved Beast,"$7,301","$7,301",100%,-,-
644,645,Dying to Survive 2019 Re-release,"$6,752","$6,752",100%,-,-
645,646,Under the Eiffel Tower,"$6,291","$6,291",100%,-,-
646,647,Relaxer,"$6,133","$6,133",100%,-,-
647,648,Série noire,"$5,633","$5,633",100%,-,-
648,649,The Miracle of the Little Prince,"$5,553","$5,553",100%,-,-
649,650,Chokehold,"$5,200","$5,200",100%,-,-
650,651,The Gliksmans,"$5,166","$5,166",100%,-,-
651,652,100 Acres of Hell,"$5,152","$5,152",100%,-,-
652,653,Body at Brighton Rock,"$5,123","$5,123",100%,-,-
653,654,Chulas Fronteras,"$5,021","$5,021",100%,-,-
654,655,The Garden,"$5,006","$5,006",100%,-,-
655,656,Malek,"$4,898","$4,898",100%,-,-
656,657,I'm Leaving Now,"$4,488","$4,488",100%,-,-
657,658,SGT. Will Gardner,"$4,405","$4,405",100%,-,-
658,659,Tito and the Birds,"$4,332","$4,332",100%,-,-
659,660,The Fate of Lee Khan,"$4,295","$4,295",100%,-,-
660,661,State Like Sleep,"$4,282","$4,282",100%,-,-
661,662,La Flor,"$4,032","$4,032",100%,-,-
662,663,Mother of a Day,"$3,919","$3,919",100%,-,-
663,664,Wallflower,"$3,801","$3,801",100%,-,-
664,665,The Wandering Soap Opera,"$3,624","$3,624",100%,-,-
665,666,Rottentail,"$3,383","$3,383",100%,-,-
666,667,Chasing Portraits,"$3,076","$3,076",100%,-,-
667,668,Back to the Fatherland,"$2,697","$2,697",100%,-,-
668,669,Joan the Maid 1: The Battles,"$2,562","$2,562",100%,-,-
669,670,TINY: The Life of Erin Blackwell,"$2,465","$2,465",100%,-,-
670,671,I Lost Albert 2019 Re-release,"$2,354","$2,354",100%,-,-
671,672,A German Youth,"$2,343","$2,343",100%,-,-
672,673,Serendipity,"$2,298","$2,298",100%,-,-
673,674,Jihadists,"$2,104","$2,104",100%,-,-
674,675,Jimi Hendrix Electric Church,"$1,818",-,-,"$1,818",100%
675,676,Game Day,"$1,624","$1,624",100%,-,-
676,677,The Hours and Times,"$1,273","$1,273",100%,-,-
677,678,The Untold Story,$790,$790,100%,-,-
678,679,The Portal,$685,-,-,$685,100%
